Configuracion,Accuracy
crudo_k3_euclidiana,0.759493670886076
crudo_k3_euclidiana,0.759493670886076
minmax_k3_euclidiana,0.7088607594936709
minmax_k3_euclidiana,0.7088607594936709
zscore_k3_euclidiana,0.7974683544303798
